MAE,MSE,RMSE,R2,Pearson,Spearman,Dataset,Model,Seed,Selected_alpha,learning_rate,max_leaf_nodes,max_iter
0.398171,2.625772,1.620424,0.052782,0.238745,0.605992,full,CfC,42,,,,
0.340517,1.387901,1.178092,0.073515,0.277577,0.570133,full,CfC,43,,,,
0.385323,2.349826,1.532914,0.066737,0.271984,0.611742,full,CfC,44,,,,
0.4276743421859493,2.624222269689626,1.6199451440371757,0.0533416226966346,0.2323713238254858,0.5879332600394174,full,Ridge,42,10.0,,,
0.3637876546771836,1.377681412932554,1.173746741393796,0.0803363586701708,0.2848528046306561,0.5400791470714399,full,Ridge,43,100.0,,,
0.4142593352628828,2.3482362667905132,1.5323955973541927,0.0673688779540385,0.2597859696716315,0.5838363191546864,full,Ridge,44,10.0,,,
0.3949606271741663,2.6290129246465743,1.6214231170939233,0.0516134483342161,0.2355475799838065,0.6269286253566292,full,MLP,42,,,,
0.3366938661007545,1.3758762282742292,1.1729775054425509,0.0815413997490178,0.288154900228495,0.5985243114888769,full,MLP,43,,,,
0.3842118001872435,2.343188234638016,1.5307476064453005,0.0693737664557149,0.2727754467782732,0.6193629972178539,full,MLP,44,,,,
0.4053476415231016,2.637021030943187,1.6238907078197065,0.0487246149455257,0.231484926069914,0.5887651102007734,full,CNN,42,,,,
0.3451893548603121,1.393349565453172,1.1804022896678792,0.0698771697279678,0.2680915029191554,0.564381823009656,full,CNN,43,,,,
0.392156777897254,2.355893431651949,1.534891993480958,0.0643277400764723,0.2625560467765908,0.5940541462207318,full,CNN,44,,,,
0.4146643280982971,2.6588759422302246,1.630606004597746,0.0408406257629394,0.2164233922958374,0.5397314883111064,full,LSTM,42,,,,
0.3501406908035278,1.3912198543548584,1.179499832282675,0.0712987780570983,0.2701634764671325,0.5331771122590748,full,LSTM,43,,,,
0.4018219113349914,2.4048044681549072,1.550743198648605,0.0449020862579345,0.2294310480356216,0.5556369663162672,full,LSTM,44,,,,
0.4469404509602439,2.6701024746925213,1.6340448202826388,0.0367908598591848,0.1952722885356541,0.5250771090512433,full,GradientBoostedTrees,42,,0.03,15.0,200.0
0.3848681894060069,1.408065761943438,1.1866194680450166,0.0600534537921082,0.2534068446660732,0.4918466466285186,full,GradientBoostedTrees,43,,0.03,15.0,200.0
0.4283237097799112,2.3924242005376155,1.5467463271453452,0.0498190926899781,0.2240837725455646,0.5305092936755624,full,GradientBoostedTrees,44,,0.03,15.0,200.0
0.4909540220181153,2.7723038619892417,1.6650236821106303,-7.71185218679804e-05,,,full,Training mean,42,,,,
0.41710367980881097,1.4986558747299947,1.2241960115643225,-0.0004194774121404343,,,full,Training mean,43,,,,
0.4783325595915573,2.5179556276591786,1.5868067392279308,-3.728242757272682e-05,,,full,Training mean,44,,,,
0.27544843965367943,0.14205793969450664,0.37690574378020114,0.4299246640871589,0.6678718638972887,0.63847221945619,primary_-16_to_-12,CfC,42,,,,
0.2717394691507935,0.13594651610032385,0.36870925686823197,0.4015167510769019,0.6405145739148271,0.6144140893706561,primary_-16_to_-12,CfC,43,,,,
0.27869001106809077,0.14001132815189704,0.3741808762509076,0.4536678720964169,0.6742100300044214,0.637860661208996,primary_-16_to_-12,CfC,44,,,,
0.2736967380301652,0.1402774495335731,0.3745363127035523,0.4370697445685572,0.6611844890435992,0.645532202472469,primary_-16_to_-12,Ridge,42,10.0,,,
0.2726829844856889,0.133759741164292,0.3657317885613609,0.4111436824818569,0.6414424199600227,0.6125631885451399,primary_-16_to_-12,Ridge,43,10.0,,,
0.2761076042771576,0.1390480383614954,0.3728914565413043,0.4574266660777858,0.6768958038076043,0.6439459470708061,primary_-16_to_-12,Ridge,44,10.0,,,
0.27487517795163,0.1407588302047843,0.3751783978386606,0.4351379747430741,0.6641622401163796,0.6360545015395543,primary_-16_to_-12,MLP,42,,,,
0.2722366991157303,0.1341213913595666,0.3662258747816252,0.4095515741212587,0.64609199237151,0.612125097056728,primary_-16_to_-12,MLP,43,,,,
0.2730895148779818,0.1369383159420303,0.3700517746775852,0.465658922643705,0.6824877446223626,0.652160857221001,primary_-16_to_-12,MLP,44,,,,
0.2778572689987228,0.1422919370594852,0.3772160349978315,0.4289856513568841,0.6552648429447012,0.6168449789958955,primary_-16_to_-12,CNN,42,,,,
0.2736594055941005,0.1342853127524942,0.3664496046559393,0.4088299358543065,0.6412938875972869,0.6033042996559164,primary_-16_to_-12,CNN,43,,,,
0.2802076639529474,0.1424328778800487,0.377402805871987,0.4442188302534606,0.6669886875795709,0.6209048834355291,primary_-16_to_-12,CNN,44,,,,
0.2890506982803345,0.1528698801994323,0.3909857800476027,0.3865365386009216,0.622996985912323,0.5796404281483704,primary_-16_to_-12,LSTM,42,,,,
0.2910786271095276,0.1526478230953216,0.3907017060307283,0.3279919028282165,0.5952126979827881,0.538437555317612,primary_-16_to_-12,LSTM,43,,,,
0.2949438095092773,0.155236542224884,0.3940006881020438,0.3942582011222839,0.632451593875885,0.5875790125592251,primary_-16_to_-12,LSTM,44,,,,
0.2733691903963544,0.1387430531792718,0.3724822857254716,0.4432272426876911,0.6658973801898755,0.6395918284818093,primary_-16_to_-12,GradientBoostedTrees,42,,0.05,15.0,500.0
0.2677683873045232,0.1284474659416556,0.3583956834863607,0.4345301423988384,0.6595261247689732,0.6215187214267422,primary_-16_to_-12,GradientBoostedTrees,43,,0.03,31.0,500.0
0.2748416554041267,0.1374008486473288,0.3706762045874119,0.4638540937880153,0.6823575727881737,0.6478053848497479,primary_-16_to_-12,GradientBoostedTrees,44,,0.05,15.0,500.0
0.36995729673760447,0.24942326428610145,0.4994229312777913,-0.0009299830629254657,,,primary_-16_to_-12,Training mean,42,,,,
0.36057832418029223,0.22715618006448884,0.4766090432046887,-1.951177351089406e-05,,,primary_-16_to_-12,Training mean,43,,,,
0.3783363984649976,0.2563187305276992,0.5062793009078084,-0.00017019564888443028,,,primary_-16_to_-12,Training mean,44,,,,
