Dataset: extension + doped,Model,MAE_mean,MAE_std,MSE_mean,MSE_std,RMSE_mean,RMSE_std,R2_mean,R2_std,Pearson_mean,Pearson_std,Spearman_mean,Spearman_std
full,CfC,0.375,0.030,2.121,0.650,1.444,0.234,0.064,0.011,0.263,0.021,0.596,0.023
full,Ridge,0.402,0.034,2.117,0.655,1.442,0.236,0.067,0.014,0.259,0.026,0.571,0.027
full,MLP,0.372,0.031,2.116,0.657,1.442,0.237,0.068,0.015,0.265,0.027,0.615,0.015
full,CNN,0.381,0.032,2.129,0.652,1.446,0.235,0.061,0.011,0.254,0.020,0.582,0.016
full,LSTM,0.389,0.034,2.152,0.671,1.454,0.241,0.052,0.017,0.239,0.028,0.543,0.012
full,GradientBoostedTrees,0.420,0.032,2.157,0.663,1.456,0.237,0.049,0.012,0.224,0.029,0.516,0.021
full,Training mean,0.462,0.040,2.263,0.674,1.492,0.235,0.000,0.000,,,,
primary_-16_to_-12,CfC,0.275,0.003,0.139,0.003,0.373,0.004,0.428,0.026,0.661,0.018,0.630,0.014
primary_-16_to_-12,Ridge,0.27,0.002,0.14,0.003,0.371,0.005,0.44,0.023,0.660,0.018,0.634,0.019
primary_-16_to_-12,MLP,0.27,0.001,0.14,0.003,0.370,0.004,0.44,0.028,0.664,0.018,0.633,0.020
primary_-16_to_-12,CNN,0.28,0.003,0.14,0.005,0.374,0.006,0.43,0.018,0.655,0.013,0.614,0.009
primary_-16_to_-12,LSTM,0.29,0.003,0.15,0.001,0.392,0.002,0.37,0.036,0.617,0.019,0.569,0.026
primary_-16_to_-12,GradientBoostedTrees,0.27,0.004,0.13,0.006,0.367,0.008,0.45,0.015,0.669,0.012,0.636,0.013
primary_-16_to_-12,Training mean,0.37,0.009,0.24,0.015,0.494,0.016,0.00,0.000,,,,
